,precision,recall,f1-score,support
DISPLAY,0.8,0.8571428571428571,0.8275862068965517,14.0
KEYBOARD,1.0,0.625,0.7692307692307693,8.0
SOFTWARE,0.8,0.6666666666666666,0.7272727272727273,6.0
LAINNYA,0.25,0.3333333333333333,0.2857142857142857,6.0
BATTERY,1.0,1.0,1.0,5.0
OVERHEAT,1.0,0.4,0.5714285714285714,5.0
STORAGE,0.8,0.8,0.8,5.0
PRINTER,0.75,0.75,0.75,4.0
POWER,0.2857142857142857,0.6666666666666666,0.4,3.0
ENGSEL,1.0,1.0,1.0,1.0
